title,link
StanChart sees SL’s rating outlook turning ‘positive’ this year,https://www.dailymirror.lk/breaking-news/StanChart-sees-SLs-rating-outlook-turning-positive-this-year/108-330851
Unit Trust industry surpasses Rs. 587bn as investor appetite shifts to growth,https://www.dailymirror.lk/breaking-news/Unit-Trust-industry-surpasses-Rs-587bn-as-investor-appetite-shifts-to-growth/108-330850
New funding window opens for SL’s climate loss and damage,https://www.dailymirror.lk/business-news/New-funding-window-opens-for-SLs-climate-loss-and-damage/273-330849
Daily Mirror’s Nishel Fernando wins Business and Finance Journalist of the Year 2024,https://www.dailymirror.lk/business-news/Daily-Mirrors-Nishel-Fernando-wins-Business-and-Finance-Journalist-of-the-Year-2024/273-330848
ICC rejects Bangladesh's plea to play T20 World Cup matches outside India,https://www.dailymirror.lk/headline/ICC-rejects-Bangladesh-s-plea-to-play-T20-World-Cup-matches-outside-India/419-330937
"Brook apologises, admits nightclub fracas ’not the right thing to do’",https://www.dailymirror.lk/breaking-news/Brook-apologises-admits-nightclub-fracas-not-the-right-thing-to-do/108-330935
Mayes hits England record score in U19s World Cup,https://www.dailymirror.lk/headline/Mayes-hits-England-record-score-in-U19s-World-Cup/419-330934
Dhilvan and Yuhansa bag mixed doubles,https://www.dailymirror.lk/sports/Dhilvan-and-Yuhansa-bag-mixed-doubles/322-330917
Most accessible sporting event in Britain,https://www.dailymirror.lk/sports/Most-accessible-sporting-event-in-Britain/244-330916
Daily Mirror shines at Journalism awards by winning 7 categories,https://www.dailymirror.lk/front-page/Daily-Mirror-shines-at-Journalism-awards-by-winning-7-categories/238-330874
Radiologist accused of sexually abusing foreign woman,https://www.dailymirror.lk/front-page/Radiologist-accused-of-sexually-abusing-foreign-woman/238-330788
SL Weather Likely to be volatile: Met Department,https://www.dailymirror.lk/front-page/SL-Weather-Likely-to-be-volatile-Met-Department/238-330786
Harassment of woman on social media: businessman remanded,https://www.dailymirror.lk/front-page/Harassment-of-woman-on-social-media-businessman-remanded/238-330785
RTI commission directs Presidential Secretariat to disclose details of vehicles,https://www.dailymirror.lk/front-page/RTI-commission-directs-Presidential-Secretariat-to-disclose-details-of-vehicles/238-330704
